product_id,category_id
FUR-BO-10000112,1
FUR-BO-10000330,1
FUR-BO-10000362,1
FUR-BO-10000468,1
FUR-BO-10000711,1
FUR-BO-10000780,1
FUR-BO-10001337,1
FUR-BO-10001519,1
FUR-BO-10001567,1
FUR-BO-10001601,1
FUR-BO-10001608,1
FUR-BO-10001619,1
FUR-BO-10001798,1
FUR-BO-10001811,1
FUR-BO-10001918,1
FUR-BO-10001972,1
FUR-BO-10002202,1
FUR-BO-10002206,1
FUR-BO-10002213,1
FUR-BO-10002268,1
FUR-BO-10002545,1
FUR-BO-10002598,1
FUR-BO-10002613,1
FUR-BO-10002824,1
FUR-BO-10002853,1
FUR-BO-10002916,1
FUR-BO-10003034,1
FUR-BO-10003159,1
FUR-BO-10003272,1
FUR-BO-10003404,1
FUR-BO-10003433,1
FUR-BO-10003441,1
FUR-BO-10003450,1
FUR-BO-10003546,1
FUR-BO-10003660,1
FUR-BO-10003893,1
FUR-BO-10003894,1
FUR-BO-10003965,1
FUR-BO-10003966,1
FUR-BO-10004015,1
FUR-BO-10004218,1
FUR-BO-10004357,1
FUR-BO-10004360,1
FUR-BO-10004409,1
FUR-BO-10004467,1
FUR-BO-10004690,1
FUR-BO-10004695,1
FUR-BO-10004709,1
FUR-BO-10004834,1
FUR-CH-10000015,2
FUR-CH-10000155,2
FUR-CH-10000225,2
FUR-CH-10000229,2
FUR-CH-10000309,2
FUR-CH-10000422,2
FUR-CH-10000454,2
FUR-CH-10000513,2
FUR-CH-10000553,2
FUR-CH-10000595,2
FUR-CH-10000665,2
FUR-CH-10000749,2
FUR-CH-10000785,2
FUR-CH-10000847,2
FUR-CH-10000863,2
FUR-CH-10000988,2
FUR-CH-10001146,2
FUR-CH-10001190,2
FUR-CH-10001215,2
FUR-CH-10001270,2
FUR-CH-10001394,2
FUR-CH-10001482,2
FUR-CH-10001545,2
FUR-CH-10001708,2
FUR-CH-10001714,2
FUR-CH-10001797,2
FUR-CH-10001802,2
FUR-CH-10001854,2
FUR-CH-10001891,2
FUR-CH-10001973,2
FUR-CH-10002017,2
FUR-CH-10002024,2
FUR-CH-10002044,2
FUR-CH-10002073,2
FUR-CH-10002084,2
FUR-CH-10002126,2
FUR-CH-10002304,2
FUR-CH-10002317,2
FUR-CH-10002320,2
FUR-CH-10002331,2
FUR-CH-10002335,2
FUR-CH-10002372,2
FUR-CH-10002439,2
FUR-CH-10002602,2
FUR-CH-10002647,2
FUR-CH-10002758,2
FUR-CH-10002774,2
FUR-CH-10002780,2
FUR-CH-10002880,2
FUR-CH-10002961,2
FUR-CH-10002965,2
FUR-CH-10003061,2
FUR-CH-10003199,2
FUR-CH-10003298,2
FUR-CH-10003312,2
FUR-CH-10003379,2
FUR-CH-10003396,2
FUR-CH-10003535,2
FUR-CH-10003606,2
FUR-CH-10003746,2
FUR-CH-10003761,2
FUR-CH-10003774,2
FUR-CH-10003817,2
FUR-CH-10003833,2
FUR-CH-10003846,2
FUR-CH-10003956,2
FUR-CH-10003968,2
FUR-CH-10003973,2
FUR-CH-10003981,2
FUR-CH-10004063,2
FUR-CH-10004086,2
FUR-CH-10004218,2
FUR-CH-10004287,2
FUR-CH-10004289,2
FUR-CH-10004477,2
FUR-CH-10004495,2
FUR-CH-10004540,2
FUR-CH-10004626,2
FUR-CH-10004675,2
FUR-CH-10004698,2
FUR-CH-10004754,2
FUR-CH-10004853,2
FUR-CH-10004860,2
FUR-CH-10004875,2
FUR-CH-10004886,2
FUR-CH-10004983,2
FUR-CH-10004997,2
FUR-FU-10000010,6
FUR-FU-10000023,6
FUR-FU-10000073,6
FUR-FU-10000076,6
FUR-FU-10000087,6
FUR-FU-10000175,6
FUR-FU-10000193,6
FUR-FU-10000206,6
FUR-FU-10000221,6
FUR-FU-10000222,6
FUR-FU-10000246,6
FUR-FU-10000260,6
FUR-FU-10000277,6
FUR-FU-10000293,6
FUR-FU-10000305,6
FUR-FU-10000308,6
FUR-FU-10000320,6
FUR-FU-10000397,6
FUR-FU-10000409,6
FUR-FU-10000448,6
FUR-FU-10000521,6
FUR-FU-10000550,6
FUR-FU-10000576,6
FUR-FU-10000629,6
FUR-FU-10000672,6
FUR-FU-10000719,6
FUR-FU-10000723,6
FUR-FU-10000732,6
FUR-FU-10000747,6
FUR-FU-10000755,6
FUR-FU-10000758,6
FUR-FU-10000771,6
FUR-FU-10000794,6
FUR-FU-10000820,6
FUR-FU-10000965,6
FUR-FU-10001025,6
FUR-FU-10001037,6
FUR-FU-10001057,6
FUR-FU-10001085,6
FUR-FU-10001095,6
FUR-FU-10001185,6
FUR-FU-10001196,6
FUR-FU-10001215,6
FUR-FU-10001290,6
FUR-FU-10001379,6
FUR-FU-10001424,6
FUR-FU-10001468,6
FUR-FU-10001473,6
FUR-FU-10001475,6
FUR-FU-10001487,6
FUR-FU-10001488,6
FUR-FU-10001546,6
FUR-FU-10001588,6
FUR-FU-10001591,6
FUR-FU-10001602,6
FUR-FU-10001617,6
FUR-FU-10001706,6
FUR-FU-10001731,6
FUR-FU-10001756,6
FUR-FU-10001847,6
FUR-FU-10001852,6
FUR-FU-10001861,6
FUR-FU-10001867,6
FUR-FU-10001876,6
FUR-FU-10001889,6
FUR-FU-10001918,6
FUR-FU-10001934,6
FUR-FU-10001935,6
FUR-FU-10001940,6
FUR-FU-10001967,6
FUR-FU-10001979,6
FUR-FU-10001986,6
FUR-FU-10002030,6
FUR-FU-10002045,6
FUR-FU-10002088,6
FUR-FU-10002107,6
FUR-FU-10002111,6
FUR-FU-10002116,6
FUR-FU-10002157,6
FUR-FU-10002191,6
FUR-FU-10002240,6
FUR-FU-10002253,6
FUR-FU-10002268,6
FUR-FU-10002298,6
FUR-FU-10002364,6
FUR-FU-10002379,6
FUR-FU-10002396,6
FUR-FU-10002445,6
FUR-FU-10002456,6
FUR-FU-10002501,6
FUR-FU-10002505,6
FUR-FU-10002506,6
FUR-FU-10002508,6
FUR-FU-10002553,6
FUR-FU-10002554,6
FUR-FU-10002597,6
FUR-FU-10002671,6
FUR-FU-10002685,6
FUR-FU-10002703,6
FUR-FU-10002759,6
FUR-FU-10002813,6
FUR-FU-10002874,6
FUR-FU-10002878,6
FUR-FU-10002885,6
FUR-FU-10002918,6
FUR-FU-10002937,6
FUR-FU-10002960,6
FUR-FU-10002963,6
FUR-FU-10003026,6
FUR-FU-10003039,6
FUR-FU-10003095,6
FUR-FU-10003096,6
FUR-FU-10003142,6
FUR-FU-10003192,6
FUR-FU-10003194,6
FUR-FU-10003247,6
FUR-FU-10003268,6
FUR-FU-10003274,6
FUR-FU-10003347,6
FUR-FU-10003374,6
FUR-FU-10003394,6
FUR-FU-10003424,6
FUR-FU-10003464,6
FUR-FU-10003489,6
FUR-FU-10003535,6
FUR-FU-10003553,6
FUR-FU-10003577,6
FUR-FU-10003601,6
FUR-FU-10003623,6
FUR-FU-10003664,6
FUR-FU-10003691,6
FUR-FU-10003708,6
FUR-FU-10003724,6
FUR-FU-10003731,6
FUR-FU-10003773,6
FUR-FU-10003798,6
FUR-FU-10003799,6
FUR-FU-10003806,6
FUR-FU-10003829,6
FUR-FU-10003832,6
FUR-FU-10003849,6
FUR-FU-10003878,6
FUR-FU-10003919,6
FUR-FU-10003930,6
FUR-FU-10003975,6
FUR-FU-10003976,6
FUR-FU-10003981,6
FUR-FU-10004006,6
FUR-FU-10004017,6
FUR-FU-10004018,6
FUR-FU-10004020,6
FUR-FU-10004053,6
FUR-FU-10004071,6
FUR-FU-10004090,6
FUR-FU-10004091,6
FUR-FU-10004093,6
FUR-FU-10004164,6
FUR-FU-10004188,6
FUR-FU-10004245,6
FUR-FU-10004270,6
FUR-FU-10004306,6
FUR-FU-10004351,6
FUR-FU-10004415,6
FUR-FU-10004460,6
FUR-FU-10004586,6
FUR-FU-10004587,6
FUR-FU-10004597,6
FUR-FU-10004622,6
FUR-FU-10004665,6
FUR-FU-10004666,6
FUR-FU-10004671,6
FUR-FU-10004712,6
FUR-FU-10004748,6
FUR-FU-10004845,6
FUR-FU-10004848,6
FUR-FU-10004864,6
FUR-FU-10004904,6
FUR-FU-10004909,6
FUR-FU-10004952,6
FUR-FU-10004960,6
FUR-FU-10004963,6
FUR-FU-10004973,6
FUR-TA-10000198,4
FUR-TA-10000577,4
FUR-TA-10000617,4
FUR-TA-10000688,4
FUR-TA-10000849,4
FUR-TA-10001039,4
FUR-TA-10001086,4
FUR-TA-10001095,4
FUR-TA-10001307,4
FUR-TA-10001520,4
FUR-TA-10001539,4
FUR-TA-10001676,4
FUR-TA-10001691,4
FUR-TA-10001705,4
FUR-TA-10001768,4
FUR-TA-10001771,4
FUR-TA-10001857,4
FUR-TA-10001866,4
FUR-TA-10001889,4
FUR-TA-10001932,4
FUR-TA-10001950,4
FUR-TA-10002041,4
FUR-TA-10002228,4
FUR-TA-10002356,4
FUR-TA-10002530,4
FUR-TA-10002533,4
FUR-TA-10002607,4
FUR-TA-10002622,4
FUR-TA-10002645,4
FUR-TA-10002774,4
FUR-TA-10002855,4
FUR-TA-10002903,4
FUR-TA-10002958,4
FUR-TA-10003008,4
FUR-TA-10003238,4
FUR-TA-10003392,4
FUR-TA-10003469,4
FUR-TA-10003473,4
FUR-TA-10003569,4
FUR-TA-10003715,4
FUR-TA-10003748,4
FUR-TA-10003837,4
FUR-TA-10003954,4
FUR-TA-10004086,4
FUR-TA-10004147,4
FUR-TA-10004152,4
FUR-TA-10004154,4
FUR-TA-10004175,4
FUR-TA-10004256,4
FUR-TA-10004289,4
FUR-TA-10004442,4
FUR-TA-10004534,4
FUR-TA-10004575,4
FUR-TA-10004607,4
FUR-TA-10004619,4
FUR-TA-10004767,4
FUR-TA-10004915,4
OFF-AP-10000026,10
OFF-AP-10000027,10
OFF-AP-10000055,10
OFF-AP-10000124,10
OFF-AP-10000159,10
OFF-AP-10000179,10
OFF-AP-10000240,10
OFF-AP-10000252,10
OFF-AP-10000275,10
OFF-AP-10000326,10
OFF-AP-10000358,10
OFF-AP-10000390,10
OFF-AP-10000576,10
OFF-AP-10000595,10
OFF-AP-10000692,10
OFF-AP-10000696,10
OFF-AP-10000804,10
OFF-AP-10000828,10
OFF-AP-10000891,10
OFF-AP-10000938,10
OFF-AP-10001005,10
OFF-AP-10001058,10
OFF-AP-10001124,10
OFF-AP-10001154,10
OFF-AP-10001205,10
OFF-AP-10001242,10
OFF-AP-10001271,10
OFF-AP-10001293,10
OFF-AP-10001303,10
OFF-AP-10001366,10
OFF-AP-10001391,10
OFF-AP-10001394,10
OFF-AP-10001469,10
OFF-AP-10001492,10
OFF-AP-10001563,10
OFF-AP-10001564,10
OFF-AP-10001626,10
OFF-AP-10001634,10
OFF-AP-10001947,10
OFF-AP-10001962,10
OFF-AP-10002082,10
OFF-AP-10002118,10
OFF-AP-10002191,10
OFF-AP-10002203,10
OFF-AP-10002222,10
OFF-AP-10002287,10
OFF-AP-10002311,10
OFF-AP-10002350,10
OFF-AP-10002403,10
OFF-AP-10002439,10
OFF-AP-10002457,10
OFF-AP-10002472,10
OFF-AP-10002495,10
OFF-AP-10002518,10
OFF-AP-10002534,10
OFF-AP-10002578,10
OFF-AP-10002651,10
OFF-AP-10002670,10
OFF-AP-10002684,10
OFF-AP-10002734,10
OFF-AP-10002765,10
OFF-AP-10002867,10
OFF-AP-10002892,10
OFF-AP-10002906,10
OFF-AP-10002945,10
OFF-AP-10002998,10
OFF-AP-10003040,10
OFF-AP-10003057,10
OFF-AP-10003099,10
OFF-AP-10003217,10
OFF-AP-10003266,10
OFF-AP-10003278,10
OFF-AP-10003281,10
OFF-AP-10003287,10
OFF-AP-10003590,10
OFF-AP-10003622,10
OFF-AP-10003779,10
OFF-AP-10003842,10
OFF-AP-10003849,10
OFF-AP-10003860,10
OFF-AP-10003884,10
OFF-AP-10003914,10
OFF-AP-10003971,10
OFF-AP-10004036,10
OFF-AP-10004052,10
OFF-AP-10004136,10
OFF-AP-10004233,10
OFF-AP-10004249,10
OFF-AP-10004336,10
OFF-AP-10004487,10
OFF-AP-10004532,10
OFF-AP-10004540,10
OFF-AP-10004655,10
OFF-AP-10004708,10
OFF-AP-10004785,10
OFF-AP-10004859,10
OFF-AP-10004868,10
OFF-AP-10004980,10
OFF-AR-10000034,7
OFF-AR-10000122,7
OFF-AR-10000127,7
OFF-AR-10000203,7
OFF-AR-10000246,7
OFF-AR-10000255,7
OFF-AR-10000315,7
OFF-AR-10000369,7
OFF-AR-10000380,7
OFF-AR-10000390,7
OFF-AR-10000411,7
OFF-AR-10000422,7
OFF-AR-10000462,7
OFF-AR-10000475,7
OFF-AR-10000538,7
OFF-AR-10000588,7
OFF-AR-10000614,7
OFF-AR-10000634,7
OFF-AR-10000657,7
OFF-AR-10000658,7
OFF-AR-10000716,7
OFF-AR-10000799,7
OFF-AR-10000817,7
OFF-AR-10000823,7
OFF-AR-10000896,7
OFF-AR-10000914,7
OFF-AR-10000937,7
OFF-AR-10000940,7
OFF-AR-10001022,7
OFF-AR-10001026,7
OFF-AR-10001044,7
OFF-AR-10001118,7
OFF-AR-10001130,7
OFF-AR-10001149,7
OFF-AR-10001166,7
OFF-AR-10001177,7
OFF-AR-10001216,7
OFF-AR-10001221,7
OFF-AR-10001227,7
OFF-AR-10001231,7
OFF-AR-10001246,7
OFF-AR-10001315,7
OFF-AR-10001374,7
OFF-AR-10001419,7
OFF-AR-10001427,7
OFF-AR-10001446,7
OFF-AR-10001468,7
OFF-AR-10001473,7
OFF-AR-10001545,7
OFF-AR-10001547,7
OFF-AR-10001573,7
OFF-AR-10001615,7
OFF-AR-10001662,7
OFF-AR-10001683,7
OFF-AR-10001725,7
OFF-AR-10001761,7
OFF-AR-10001770,7
OFF-AR-10001860,7
OFF-AR-10001868,7
OFF-AR-10001897,7
OFF-AR-10001915,7
OFF-AR-10001919,7
OFF-AR-10001940,7
OFF-AR-10001953,7
OFF-AR-10001954,7
OFF-AR-10001955,7
OFF-AR-10001958,7
OFF-AR-10001972,7
OFF-AR-10001988,7
OFF-AR-10002053,7
OFF-AR-10002067,7
OFF-AR-10002135,7
OFF-AR-10002221,7
OFF-AR-10002240,7
OFF-AR-10002255,7
OFF-AR-10002257,7
OFF-AR-10002280,7
OFF-AR-10002335,7
OFF-AR-10002375,7
OFF-AR-10002399,7
OFF-AR-10002445,7
OFF-AR-10002467,7
OFF-AR-10002578,7
OFF-AR-10002656,7
OFF-AR-10002671,7
OFF-AR-10002704,7
OFF-AR-10002766,7
OFF-AR-10002804,7
OFF-AR-10002818,7
OFF-AR-10002833,7
OFF-AR-10002952,7
OFF-AR-10002956,7
OFF-AR-10002987,7
OFF-AR-10003045,7
OFF-AR-10003056,7
OFF-AR-10003087,7
OFF-AR-10003156,7
OFF-AR-10003158,7
OFF-AR-10003179,7
OFF-AR-10003183,7
OFF-AR-10003190,7
OFF-AR-10003217,7
OFF-AR-10003251,7
OFF-AR-10003338,7
OFF-AR-10003373,7
OFF-AR-10003394,7
OFF-AR-10003405,7
OFF-AR-10003469,7
OFF-AR-10003477,7
OFF-AR-10003478,7
OFF-AR-10003481,7
OFF-AR-10003504,7
OFF-AR-10003514,7
OFF-AR-10003560,7
OFF-AR-10003582,7
OFF-AR-10003602,7
OFF-AR-10003631,7
OFF-AR-10003651,7
OFF-AR-10003696,7
OFF-AR-10003723,7
OFF-AR-10003727,7
OFF-AR-10003732,7
OFF-AR-10003752,7
OFF-AR-10003759,7
OFF-AR-10003770,7
OFF-AR-10003772,7
OFF-AR-10003811,7
OFF-AR-10003829,7
OFF-AR-10003856,7
OFF-AR-10003876,7
OFF-AR-10003896,7
OFF-AR-10003903,7
OFF-AR-10003958,7
OFF-AR-10003986,7
OFF-AR-10004010,7
OFF-AR-10004022,7
OFF-AR-10004027,7
OFF-AR-10004042,7
OFF-AR-10004062,7
OFF-AR-10004078,7
OFF-AR-10004165,7
OFF-AR-10004260,7
OFF-AR-10004269,7
OFF-AR-10004272,7
OFF-AR-10004344,7
OFF-AR-10004441,7
OFF-AR-10004456,7
OFF-AR-10004511,7
OFF-AR-10004582,7
OFF-AR-10004587,7
OFF-AR-10004602,7
OFF-AR-10004648,7
OFF-AR-10004685,7
OFF-AR-10004691,7
OFF-AR-10004707,7
OFF-AR-10004752,7
OFF-AR-10004757,7
OFF-AR-10004790,7
OFF-AR-10004817,7
OFF-AR-10004930,7
OFF-AR-10004956,7
OFF-AR-10004974,7
OFF-AR-10004999,7
OFF-BI-10000014,9
OFF-BI-10000042,9
OFF-BI-10000050,9
OFF-BI-10000069,9
OFF-BI-10000088,9
OFF-BI-10000136,9
OFF-BI-10000138,9
OFF-BI-10000145,9
OFF-BI-10000174,9
OFF-BI-10000201,9
OFF-BI-10000216,9
OFF-BI-10000279,9
OFF-BI-10000285,9
OFF-BI-10000301,9
OFF-BI-10000309,9
OFF-BI-10000315,9
OFF-BI-10000320,9
OFF-BI-10000343,9
OFF-BI-10000404,9
OFF-BI-10000474,9
OFF-BI-10000494,9
OFF-BI-10000545,9
OFF-BI-10000546,9
OFF-BI-10000591,9
OFF-BI-10000605,9
OFF-BI-10000632,9
OFF-BI-10000666,9
OFF-BI-10000756,9
OFF-BI-10000773,9
OFF-BI-10000778,9
OFF-BI-10000822,9
OFF-BI-10000829,9
OFF-BI-10000831,9
OFF-BI-10000848,9
OFF-BI-10000948,9
OFF-BI-10000962,9
OFF-BI-10000977,9
OFF-BI-10001031,9
OFF-BI-10001036,9
OFF-BI-10001071,9
OFF-BI-10001072,9
OFF-BI-10001078,9
OFF-BI-10001097,9
OFF-BI-10001098,9
OFF-BI-10001107,9
OFF-BI-10001116,9
OFF-BI-10001120,9
OFF-BI-10001132,9
OFF-BI-10001153,9
OFF-BI-10001191,9
OFF-BI-10001196,9
OFF-BI-10001249,9
OFF-BI-10001267,9
OFF-BI-10001294,9
OFF-BI-10001308,9
OFF-BI-10001359,9
OFF-BI-10001460,9
OFF-BI-10001510,9
OFF-BI-10001524,9
OFF-BI-10001525,9
OFF-BI-10001543,9
OFF-BI-10001553,9
OFF-BI-10001575,9
OFF-BI-10001597,9
OFF-BI-10001617,9
OFF-BI-10001628,9
OFF-BI-10001634,9
OFF-BI-10001636,9
OFF-BI-10001658,9
OFF-BI-10001670,9
OFF-BI-10001679,9
OFF-BI-10001718,9
OFF-BI-10001721,9
OFF-BI-10001757,9
OFF-BI-10001758,9
OFF-BI-10001759,9
OFF-BI-10001765,9
OFF-BI-10001787,9
OFF-BI-10001890,9
OFF-BI-10001900,9
OFF-BI-10001922,9
OFF-BI-10001982,9
OFF-BI-10001989,9
OFF-BI-10002003,9
OFF-BI-10002012,9
OFF-BI-10002026,9
OFF-BI-10002049,9
OFF-BI-10002071,9
OFF-BI-10002072,9
OFF-BI-10002082,9
OFF-BI-10002103,9
OFF-BI-10002133,9
OFF-BI-10002160,9
OFF-BI-10002194,9
OFF-BI-10002215,9
OFF-BI-10002225,9
OFF-BI-10002309,9
OFF-BI-10002353,9
OFF-BI-10002393,9
OFF-BI-10002412,9
OFF-BI-10002414,9
OFF-BI-10002429,9
OFF-BI-10002432,9
OFF-BI-10002437,9
OFF-BI-10002498,9
OFF-BI-10002557,9
OFF-BI-10002571,9
OFF-BI-10002609,9
OFF-BI-10002706,9
OFF-BI-10002735,9
OFF-BI-10002764,9
OFF-BI-10002794,9
OFF-BI-10002799,9
OFF-BI-10002813,9
OFF-BI-10002824,9
OFF-BI-10002827,9
OFF-BI-10002852,9
OFF-BI-10002854,9
OFF-BI-10002867,9
OFF-BI-10002897,9
OFF-BI-10002931,9
OFF-BI-10002949,9
OFF-BI-10002954,9
OFF-BI-10002976,9
OFF-BI-10002982,9
OFF-BI-10003007,9
OFF-BI-10003091,9
OFF-BI-10003094,9
OFF-BI-10003166,9
OFF-BI-10003196,9
OFF-BI-10003274,9
OFF-BI-10003291,9
OFF-BI-10003305,9
OFF-BI-10003314,9
OFF-BI-10003350,9
OFF-BI-10003355,9
OFF-BI-10003364,9
OFF-BI-10003429,9
OFF-BI-10003460,9
OFF-BI-10003476,9
OFF-BI-10003527,9
OFF-BI-10003529,9
OFF-BI-10003638,9
OFF-BI-10003650,9
OFF-BI-10003655,9
OFF-BI-10003656,9
OFF-BI-10003669,9
OFF-BI-10003676,9
OFF-BI-10003684,9
OFF-BI-10003694,9
OFF-BI-10003707,9
OFF-BI-10003708,9
OFF-BI-10003712,9
OFF-BI-10003718,9
OFF-BI-10003719,9
OFF-BI-10003727,9
OFF-BI-10003784,9
OFF-BI-10003876,9
OFF-BI-10003910,9
OFF-BI-10003925,9
OFF-BI-10003963,9
OFF-BI-10003981,9
OFF-BI-10003982,9
OFF-BI-10003984,9
OFF-BI-10004001,9
OFF-BI-10004002,9
OFF-BI-10004022,9
OFF-BI-10004040,9
OFF-BI-10004094,9
OFF-BI-10004099,9
OFF-BI-10004139,9
OFF-BI-10004140,9
OFF-BI-10004141,9
OFF-BI-10004182,9
OFF-BI-10004187,9
OFF-BI-10004209,9
OFF-BI-10004224,9
OFF-BI-10004230,9
OFF-BI-10004233,9
OFF-BI-10004236,9
OFF-BI-10004308,9
OFF-BI-10004318,9
OFF-BI-10004330,9
OFF-BI-10004352,9
OFF-BI-10004364,9
OFF-BI-10004390,9
OFF-BI-10004410,9
OFF-BI-10004465,9
OFF-BI-10004492,9
OFF-BI-10004506,9
OFF-BI-10004519,9
OFF-BI-10004528,9
OFF-BI-10004584,9
OFF-BI-10004593,9
OFF-BI-10004600,9
OFF-BI-10004632,9
OFF-BI-10004654,9
OFF-BI-10004656,9
OFF-BI-10004716,9
OFF-BI-10004728,9
OFF-BI-10004738,9
OFF-BI-10004781,9
OFF-BI-10004817,9
OFF-BI-10004826,9
OFF-BI-10004828,9
OFF-BI-10004876,9
OFF-BI-10004965,9
OFF-BI-10004967,9
OFF-BI-10004970,9
OFF-BI-10004995,9
OFF-EN-10000056,13
OFF-EN-10000461,13
OFF-EN-10000483,13
OFF-EN-10000781,13
OFF-EN-10000927,13
OFF-EN-10001028,13
OFF-EN-10001099,13
OFF-EN-10001137,13
OFF-EN-10001141,13
OFF-EN-10001219,13
OFF-EN-10001335,13
OFF-EN-10001415,13
OFF-EN-10001434,13
OFF-EN-10001453,13
OFF-EN-10001509,13
OFF-EN-10001532,13
OFF-EN-10001535,13
OFF-EN-10001539,13
OFF-EN-10001749,13
OFF-EN-10001990,13
OFF-EN-10002230,13
OFF-EN-10002312,13
OFF-EN-10002500,13
OFF-EN-10002504,13
OFF-EN-10002592,13
OFF-EN-10002600,13
OFF-EN-10002621,13
OFF-EN-10002831,13
OFF-EN-10002973,13
OFF-EN-10002986,13
OFF-EN-10003001,13
OFF-EN-10003040,13
OFF-EN-10003055,13
OFF-EN-10003068,13
OFF-EN-10003072,13
OFF-EN-10003134,13
OFF-EN-10003160,13
OFF-EN-10003286,13
OFF-EN-10003296,13
OFF-EN-10003448,13
OFF-EN-10003567,13
OFF-EN-10003798,13
OFF-EN-10003845,13
OFF-EN-10003862,13
OFF-EN-10004007,13
OFF-EN-10004030,13
OFF-EN-10004147,13
OFF-EN-10004206,13
OFF-EN-10004386,13
OFF-EN-10004459,13
OFF-EN-10004483,13
OFF-EN-10004773,13
OFF-EN-10004846,13
OFF-EN-10004955,13
OFF-FA-10000053,14
OFF-FA-10000089,14
OFF-FA-10000134,14
OFF-FA-10000254,14
OFF-FA-10000304,14
OFF-FA-10000490,14
OFF-FA-10000585,14
OFF-FA-10000611,14
OFF-FA-10000621,14
OFF-FA-10000624,14
OFF-FA-10000735,14
OFF-FA-10000840,14
OFF-FA-10000936,14
OFF-FA-10000992,14
OFF-FA-10001135,14
OFF-FA-10001229,14
OFF-FA-10001332,14
OFF-FA-10001561,14
OFF-FA-10001754,14
OFF-FA-10001843,14
OFF-FA-10001883,14
OFF-FA-10002280,14
OFF-FA-10002676,14
OFF-FA-10002701,14
OFF-FA-10002763,14
OFF-FA-10002780,14
OFF-FA-10002815,14
OFF-FA-10002975,14
OFF-FA-10002983,14
OFF-FA-10002988,14
OFF-FA-10003021,14
OFF-FA-10003059,14
OFF-FA-10003112,14
OFF-FA-10003467,14
OFF-FA-10003472,14
OFF-FA-10003485,14
OFF-FA-10003495,14
OFF-FA-10004076,14
OFF-FA-10004248,14
OFF-FA-10004395,14
OFF-FA-10004838,14
OFF-FA-10004854,14
OFF-FA-10004968,14
OFF-LA-10000081,3
OFF-LA-10000121,3
OFF-LA-10000134,3
OFF-LA-10000240,3
OFF-LA-10000248,3
OFF-LA-10000262,3
OFF-LA-10000305,3
OFF-LA-10000407,3
OFF-LA-10000414,3
OFF-LA-10000443,3
OFF-LA-10000452,3
OFF-LA-10000476,3
OFF-LA-10000634,3
OFF-LA-10000973,3
OFF-LA-10001045,3
OFF-LA-10001074,3
OFF-LA-10001158,3
OFF-LA-10001175,3
OFF-LA-10001297,3
OFF-LA-10001317,3
OFF-LA-10001404,3
OFF-LA-10001474,3
OFF-LA-10001569,3
OFF-LA-10001613,3
OFF-LA-10001641,3
OFF-LA-10001771,3
OFF-LA-10001934,3
OFF-LA-10001982,3
OFF-LA-10002034,3
OFF-LA-10002043,3
OFF-LA-10002195,3
OFF-LA-10002271,3
OFF-LA-10002312,3
OFF-LA-10002368,3
OFF-LA-10002381,3
OFF-LA-10002473,3
OFF-LA-10002475,3
OFF-LA-10002762,3
OFF-LA-10002787,3
OFF-LA-10002945,3
OFF-LA-10003077,3
OFF-LA-10003121,3
OFF-LA-10003148,3
OFF-LA-10003190,3
OFF-LA-10003223,3
OFF-LA-10003388,3
OFF-LA-10003498,3
OFF-LA-10003510,3
OFF-LA-10003537,3
OFF-LA-10003663,3
OFF-LA-10003714,3
OFF-LA-10003720,3
OFF-LA-10003766,3
OFF-LA-10003923,3
OFF-LA-10003930,3
OFF-LA-10004008,3
OFF-LA-10004055,3
OFF-LA-10004093,3
OFF-LA-10004178,3
OFF-LA-10004272,3
OFF-LA-10004345,3
OFF-LA-10004409,3
OFF-LA-10004425,3
OFF-LA-10004484,3
OFF-LA-10004544,3
OFF-LA-10004545,3
OFF-LA-10004559,3
OFF-LA-10004677,3
OFF-LA-10004689,3
OFF-LA-10004853,3
OFF-PA-10000007,11
OFF-PA-10000019,11
OFF-PA-10000029,11
OFF-PA-10000048,11
OFF-PA-10000061,11
OFF-PA-10000062,11
OFF-PA-10000069,11
OFF-PA-10000100,11
OFF-PA-10000130,11
OFF-PA-10000141,11
OFF-PA-10000143,11
OFF-PA-10000157,11
OFF-PA-10000167,11
OFF-PA-10000174,11
OFF-PA-10000176,11
OFF-PA-10000210,11
OFF-PA-10000213,11
OFF-PA-10000223,11
OFF-PA-10000232,11
OFF-PA-10000241,11
OFF-PA-10000246,11
OFF-PA-10000249,11
OFF-PA-10000289,11
OFF-PA-10000295,11
OFF-PA-10000300,11
OFF-PA-10000304,11
OFF-PA-10000308,11
OFF-PA-10000312,11
OFF-PA-10000327,11
OFF-PA-10000349,11
OFF-PA-10000350,11
OFF-PA-10000357,11
OFF-PA-10000380,11
OFF-PA-10000418,11
OFF-PA-10000466,11
OFF-PA-10000474,11
OFF-PA-10000477,11
OFF-PA-10000482,11
OFF-PA-10000483,11
OFF-PA-10000501,11
OFF-PA-10000520,11
OFF-PA-10000528,11
OFF-PA-10000533,11
OFF-PA-10000551,11
OFF-PA-10000552,11
OFF-PA-10000556,11
OFF-PA-10000565,11
OFF-PA-10000575,11
OFF-PA-10000587,11
OFF-PA-10000595,11
OFF-PA-10000605,11
OFF-PA-10000659,11
OFF-PA-10000673,11
OFF-PA-10000675,11
OFF-PA-10000682,11
OFF-PA-10000697,11
OFF-PA-10000726,11
OFF-PA-10000740,11
OFF-PA-10000743,11
OFF-PA-10000788,11
OFF-PA-10000791,11
OFF-PA-10000806,11
OFF-PA-10000807,11
OFF-PA-10000809,11
OFF-PA-10000859,11
OFF-PA-10000919,11
OFF-PA-10000955,11
OFF-PA-10000994,11
OFF-PA-10001001,11
OFF-PA-10001019,11
OFF-PA-10001033,11
OFF-PA-10001125,11
OFF-PA-10001144,11
OFF-PA-10001166,11
OFF-PA-10001184,11
OFF-PA-10001204,11
OFF-PA-10001215,11
OFF-PA-10001243,11
OFF-PA-10001246,11
OFF-PA-10001260,11
OFF-PA-10001274,11
OFF-PA-10001281,11
OFF-PA-10001289,11
OFF-PA-10001293,11
OFF-PA-10001295,11
OFF-PA-10001307,11
OFF-PA-10001357,11
OFF-PA-10001363,11
OFF-PA-10001450,11
OFF-PA-10001457,11
OFF-PA-10001461,11
OFF-PA-10001471,11
OFF-PA-10001497,11
OFF-PA-10001509,11
OFF-PA-10001526,11
OFF-PA-10001534,11
OFF-PA-10001560,11
OFF-PA-10001569,11
OFF-PA-10001583,11
OFF-PA-10001593,11
OFF-PA-10001609,11
OFF-PA-10001622,11
OFF-PA-10001639,11
OFF-PA-10001661,11
OFF-PA-10001667,11
OFF-PA-10001685,11
OFF-PA-10001712,11
OFF-PA-10001725,11
OFF-PA-10001736,11
OFF-PA-10001745,11
OFF-PA-10001752,11
OFF-PA-10001763,11
OFF-PA-10001776,11
OFF-PA-10001790,11
OFF-PA-10001800,11
OFF-PA-10001801,11
OFF-PA-10001804,11
OFF-PA-10001815,11
OFF-PA-10001826,11
OFF-PA-10001837,11
OFF-PA-10001838,11
OFF-PA-10001846,11
OFF-PA-10001870,11
OFF-PA-10001878,11
OFF-PA-10001892,11
OFF-PA-10001934,11
OFF-PA-10001937,11
OFF-PA-10001947,11
OFF-PA-10001950,11
OFF-PA-10001952,11
OFF-PA-10001954,11
OFF-PA-10001970,11
OFF-PA-10001972,11
OFF-PA-10001977,11
OFF-PA-10001994,11
OFF-PA-10002001,11
OFF-PA-10002005,11
OFF-PA-10002036,11
OFF-PA-10002105,11
OFF-PA-10002109,11
OFF-PA-10002120,11
OFF-PA-10002137,11
OFF-PA-10002160,11
OFF-PA-10002195,11
OFF-PA-10002222,11
OFF-PA-10002230,11
OFF-PA-10002245,11
OFF-PA-10002246,11
OFF-PA-10002250,11
OFF-PA-10002254,11
OFF-PA-10002259,11
OFF-PA-10002262,11
OFF-PA-10002319,11
OFF-PA-10002333,11
OFF-PA-10002365,11
OFF-PA-10002377,11
OFF-PA-10002421,11
OFF-PA-10002464,11
OFF-PA-10002479,11
OFF-PA-10002499,11
OFF-PA-10002552,11
OFF-PA-10002558,11
OFF-PA-10002581,11
OFF-PA-10002586,11
OFF-PA-10002606,11
OFF-PA-10002615,11
OFF-PA-10002659,11
OFF-PA-10002666,11
OFF-PA-10002689,11
OFF-PA-10002709,11
OFF-PA-10002713,11
OFF-PA-10002741,11
OFF-PA-10002749,11
OFF-PA-10002751,11
OFF-PA-10002764,11
OFF-PA-10002787,11
OFF-PA-10002870,11
OFF-PA-10002893,11
OFF-PA-10002923,11
OFF-PA-10002947,11
OFF-PA-10002960,11
OFF-PA-10002968,11
OFF-PA-10002986,11
OFF-PA-10003001,11
OFF-PA-10003016,11
OFF-PA-10003022,11
OFF-PA-10003036,11
OFF-PA-10003039,11
OFF-PA-10003063,11
OFF-PA-10003072,11
OFF-PA-10003127,11
OFF-PA-10003129,11
OFF-PA-10003134,11
OFF-PA-10003172,11
OFF-PA-10003177,11
OFF-PA-10003205,11
OFF-PA-10003228,11
OFF-PA-10003256,11
OFF-PA-10003270,11
OFF-PA-10003302,11
OFF-PA-10003309,11
OFF-PA-10003349,11
OFF-PA-10003363,11
OFF-PA-10003395,11
OFF-PA-10003424,11
OFF-PA-10003441,11
OFF-PA-10003465,11
OFF-PA-10003543,11
OFF-PA-10003591,11
OFF-PA-10003625,11
OFF-PA-10003641,11
OFF-PA-10003651,11
OFF-PA-10003656,11
OFF-PA-10003657,11
OFF-PA-10003673,11
OFF-PA-10003724,11
OFF-PA-10003729,11
OFF-PA-10003739,11
OFF-PA-10003790,11
OFF-PA-10003797,11
OFF-PA-10003823,11
OFF-PA-10003845,11
OFF-PA-10003848,11
OFF-PA-10003883,11
OFF-PA-10003892,11
OFF-PA-10003893,11
OFF-PA-10003919,11
OFF-PA-10003936,11
OFF-PA-10003953,11
OFF-PA-10003971,11
OFF-PA-10004000,11
OFF-PA-10004022,11
OFF-PA-10004039,11
OFF-PA-10004040,11
OFF-PA-10004041,11
OFF-PA-10004071,11
OFF-PA-10004082,11
OFF-PA-10004092,11
OFF-PA-10004100,11
OFF-PA-10004101,11
OFF-PA-10004156,11
OFF-PA-10004239,11
OFF-PA-10004243,11
OFF-PA-10004248,11
OFF-PA-10004255,11
OFF-PA-10004285,11
OFF-PA-10004327,11
OFF-PA-10004353,11
OFF-PA-10004355,11
OFF-PA-10004359,11
OFF-PA-10004381,11
OFF-PA-10004405,11
OFF-PA-10004438,11
OFF-PA-10004451,11
OFF-PA-10004470,11
OFF-PA-10004475,11
OFF-PA-10004519,11
OFF-PA-10004530,11
OFF-PA-10004569,11
OFF-PA-10004609,11
OFF-PA-10004610,11
OFF-PA-10004621,11
OFF-PA-10004665,11
OFF-PA-10004675,11
OFF-PA-10004733,11
OFF-PA-10004734,11
OFF-PA-10004735,11
OFF-PA-10004782,11
OFF-PA-10004888,11
OFF-PA-10004911,11
OFF-PA-10004947,11
OFF-PA-10004948,11
OFF-PA-10004965,11
OFF-PA-10004971,11
OFF-PA-10004983,11
OFF-PA-10004996,11
OFF-ST-10000025,5
OFF-ST-10000036,5
OFF-ST-10000046,5
OFF-ST-10000060,5
OFF-ST-10000078,5
OFF-ST-10000107,5
OFF-ST-10000129,5
OFF-ST-10000136,5
OFF-ST-10000142,5
OFF-ST-10000321,5
OFF-ST-10000344,5
OFF-ST-10000352,5
OFF-ST-10000419,5
OFF-ST-10000464,5
OFF-ST-10000532,5
OFF-ST-10000563,5
OFF-ST-10000585,5
OFF-ST-10000604,5
OFF-ST-10000615,5
OFF-ST-10000617,5
OFF-ST-10000636,5
OFF-ST-10000642,5
OFF-ST-10000649,5
OFF-ST-10000675,5
OFF-ST-10000676,5
OFF-ST-10000689,5
OFF-ST-10000736,5
OFF-ST-10000760,5
OFF-ST-10000777,5
OFF-ST-10000798,5
OFF-ST-10000876,5
OFF-ST-10000877,5
OFF-ST-10000885,5
OFF-ST-10000918,5
OFF-ST-10000934,5
OFF-ST-10000943,5
OFF-ST-10000991,5
OFF-ST-10001031,5
OFF-ST-10001034,5
OFF-ST-10001097,5
OFF-ST-10001128,5
OFF-ST-10001172,5
OFF-ST-10001228,5
OFF-ST-10001272,5
OFF-ST-10001291,5
OFF-ST-10001321,5
OFF-ST-10001325,5
OFF-ST-10001328,5
OFF-ST-10001370,5
OFF-ST-10001414,5
OFF-ST-10001418,5
OFF-ST-10001469,5
OFF-ST-10001476,5
OFF-ST-10001490,5
OFF-ST-10001496,5
OFF-ST-10001505,5
OFF-ST-10001511,5
OFF-ST-10001522,5
OFF-ST-10001526,5
OFF-ST-10001558,5
OFF-ST-10001580,5
OFF-ST-10001590,5
OFF-ST-10001713,5
OFF-ST-10001780,5
OFF-ST-10001809,5
OFF-ST-10001837,5
OFF-ST-10001932,5
OFF-ST-10001963,5
OFF-ST-10002011,5
OFF-ST-10002182,5
OFF-ST-10002205,5
OFF-ST-10002214,5
OFF-ST-10002276,5
OFF-ST-10002289,5
OFF-ST-10002292,5
OFF-ST-10002301,5
OFF-ST-10002344,5
OFF-ST-10002352,5
OFF-ST-10002370,5
OFF-ST-10002406,5
OFF-ST-10002444,5
OFF-ST-10002485,5
OFF-ST-10002486,5
OFF-ST-10002554,5
OFF-ST-10002562,5
OFF-ST-10002574,5
OFF-ST-10002583,5
OFF-ST-10002615,5
OFF-ST-10002743,5
OFF-ST-10002756,5
OFF-ST-10002790,5
OFF-ST-10002957,5
OFF-ST-10002974,5
OFF-ST-10003058,5
OFF-ST-10003123,5
OFF-ST-10003208,5
OFF-ST-10003221,5
OFF-ST-10003282,5
OFF-ST-10003306,5
OFF-ST-10003324,5
OFF-ST-10003327,5
OFF-ST-10003442,5
OFF-ST-10003455,5
OFF-ST-10003470,5
OFF-ST-10003479,5
OFF-ST-10003572,5
OFF-ST-10003638,5
OFF-ST-10003641,5
OFF-ST-10003656,5
OFF-ST-10003692,5
OFF-ST-10003716,5
OFF-ST-10003722,5
OFF-ST-10003805,5
OFF-ST-10003816,5
OFF-ST-10003994,5
OFF-ST-10003996,5
OFF-ST-10004123,5
OFF-ST-10004180,5
OFF-ST-10004186,5
OFF-ST-10004258,5
OFF-ST-10004337,5
OFF-ST-10004340,5
OFF-ST-10004459,5
OFF-ST-10004507,5
OFF-ST-10004634,5
OFF-ST-10004804,5
OFF-ST-10004835,5
OFF-ST-10004946,5
OFF-ST-10004950,5
OFF-ST-10004963,5
OFF-SU-10000151,15
OFF-SU-10000157,15
OFF-SU-10000381,15
OFF-SU-10000432,15
OFF-SU-10000646,15
OFF-SU-10000898,15
OFF-SU-10000946,15
OFF-SU-10000952,15
OFF-SU-10001165,15
OFF-SU-10001212,15
OFF-SU-10001218,15
OFF-SU-10001225,15
OFF-SU-10001574,15
OFF-SU-10001664,15
OFF-SU-10001935,15
OFF-SU-10002189,15
OFF-SU-10002301,15
OFF-SU-10002503,15
OFF-SU-10002522,15
OFF-SU-10002537,15
OFF-SU-10002557,15
OFF-SU-10002573,15
OFF-SU-10002881,15
OFF-SU-10003002,15
OFF-SU-10003505,15
OFF-SU-10003567,15
OFF-SU-10003936,15
OFF-SU-10004115,15
OFF-SU-10004231,15
OFF-SU-10004261,15
OFF-SU-10004290,15
OFF-SU-10004498,15
OFF-SU-10004661,15
OFF-SU-10004664,15
OFF-SU-10004737,15
OFF-SU-10004768,15
OFF-SU-10004782,15
OFF-SU-10004884,15
TEC-AC-10000023,12
TEC-AC-10000057,12
TEC-AC-10000109,12
TEC-AC-10000158,12
TEC-AC-10000171,12
TEC-AC-10000199,12
TEC-AC-10000290,12
TEC-AC-10000303,12
TEC-AC-10000358,12
TEC-AC-10000387,12
TEC-AC-10000397,12
TEC-AC-10000420,12
TEC-AC-10000474,12
TEC-AC-10000487,12
TEC-AC-10000521,12
TEC-AC-10000580,12
TEC-AC-10000682,12
TEC-AC-10000710,12
TEC-AC-10000736,12
TEC-AC-10000844,12
TEC-AC-10000865,12
TEC-AC-10000892,12
TEC-AC-10000926,12
TEC-AC-10000927,12
TEC-AC-10000990,12
TEC-AC-10000991,12
TEC-AC-10001013,12
TEC-AC-10001090,12
TEC-AC-10001101,12
TEC-AC-10001109,12
TEC-AC-10001114,12
TEC-AC-10001142,12
TEC-AC-10001266,12
TEC-AC-10001267,12
TEC-AC-10001284,12
TEC-AC-10001314,12
TEC-AC-10001383,12
TEC-AC-10001432,12
TEC-AC-10001445,12
TEC-AC-10001465,12
TEC-AC-10001539,12
TEC-AC-10001542,12
TEC-AC-10001552,12
TEC-AC-10001553,12
TEC-AC-10001590,12
TEC-AC-10001606,12
TEC-AC-10001635,12
TEC-AC-10001714,12
TEC-AC-10001767,12
TEC-AC-10001772,12
TEC-AC-10001838,12
TEC-AC-10001874,12
TEC-AC-10001908,12
TEC-AC-10001956,12
TEC-AC-10001990,12
TEC-AC-10001998,12
TEC-AC-10002001,12
TEC-AC-10002006,12
TEC-AC-10002018,12
TEC-AC-10002049,12
TEC-AC-10002076,12
TEC-AC-10002134,12
TEC-AC-10002167,12
TEC-AC-10002217,12
TEC-AC-10002253,12
TEC-AC-10002305,12
TEC-AC-10002323,12
TEC-AC-10002331,12
TEC-AC-10002335,12
TEC-AC-10002345,12
TEC-AC-10002370,12
TEC-AC-10002380,12
TEC-AC-10002399,12
TEC-AC-10002402,12
TEC-AC-10002473,12
TEC-AC-10002550,12
TEC-AC-10002558,12
TEC-AC-10002567,12
TEC-AC-10002600,12
TEC-AC-10002637,12
TEC-AC-10002647,12
TEC-AC-10002718,12
TEC-AC-10002800,12
TEC-AC-10002842,12
TEC-AC-10002857,12
TEC-AC-10002926,12
TEC-AC-10002942,12
TEC-AC-10003023,12
TEC-AC-10003027,12
TEC-AC-10003033,12
TEC-AC-10003038,12
TEC-AC-10003063,12
TEC-AC-10003095,12
TEC-AC-10003116,12
TEC-AC-10003133,12
TEC-AC-10003174,12
TEC-AC-10003198,12
TEC-AC-10003237,12
TEC-AC-10003280,12
TEC-AC-10003289,12
TEC-AC-10003399,12
TEC-AC-10003433,12
TEC-AC-10003441,12
TEC-AC-10003447,12
TEC-AC-10003499,12
TEC-AC-10003590,12
TEC-AC-10003610,12
TEC-AC-10003614,12
TEC-AC-10003628,12
TEC-AC-10003657,12
TEC-AC-10003709,12
TEC-AC-10003832,12
TEC-AC-10003870,12
TEC-AC-10003911,12
TEC-AC-10004001,12
TEC-AC-10004114,12
TEC-AC-10004127,12
TEC-AC-10004145,12
TEC-AC-10004171,12
TEC-AC-10004209,12
TEC-AC-10004227,12
TEC-AC-10004353,12
TEC-AC-10004396,12
TEC-AC-10004420,12
TEC-AC-10004469,12
TEC-AC-10004510,12
TEC-AC-10004518,12
TEC-AC-10004568,12
TEC-AC-10004571,12
TEC-AC-10004595,12
TEC-AC-10004633,12
TEC-AC-10004659,12
TEC-AC-10004666,12
TEC-AC-10004708,12
TEC-AC-10004761,12
TEC-AC-10004803,12
TEC-AC-10004814,12
TEC-AC-10004855,12
TEC-AC-10004859,12
TEC-AC-10004864,12
TEC-AC-10004877,12
TEC-AC-10004901,12
TEC-AC-10004975,12
TEC-AC-10004992,12
TEC-CO-10000971,17
TEC-CO-10001046,17
TEC-CO-10001449,17
TEC-CO-10001571,17
TEC-CO-10001766,17
TEC-CO-10001943,17
TEC-CO-10002095,17
TEC-CO-10002313,17
TEC-CO-10003236,17
TEC-CO-10003763,17
TEC-CO-10004115,17
TEC-CO-10004202,17
TEC-CO-10004722,17
TEC-MA-10000010,16
TEC-MA-10000029,16
TEC-MA-10000045,16
TEC-MA-10000112,16
TEC-MA-10000418,16
TEC-MA-10000423,16
TEC-MA-10000488,16
TEC-MA-10000597,16
TEC-MA-10000752,16
TEC-MA-10000822,16
TEC-MA-10000864,16
TEC-MA-10000904,16
TEC-MA-10000984,16
TEC-MA-10001016,16
TEC-MA-10001031,16
TEC-MA-10001047,16
TEC-MA-10001127,16
TEC-MA-10001148,16
TEC-MA-10001570,16
TEC-MA-10001681,16
TEC-MA-10001695,16
TEC-MA-10001856,16
TEC-MA-10001972,16
TEC-MA-10002073,16
TEC-MA-10002109,16
TEC-MA-10002178,16
TEC-MA-10002210,16
TEC-MA-10002412,16
TEC-MA-10002428,16
TEC-MA-10002694,16
TEC-MA-10002790,16
TEC-MA-10002859,16
TEC-MA-10002927,16
TEC-MA-10002930,16
TEC-MA-10002937,16
TEC-MA-10002981,16
TEC-MA-10003066,16
TEC-MA-10003173,16
TEC-MA-10003176,16
TEC-MA-10003183,16
TEC-MA-10003230,16
TEC-MA-10003246,16
TEC-MA-10003329,16
TEC-MA-10003337,16
TEC-MA-10003353,16
TEC-MA-10003356,16
TEC-MA-10003493,16
TEC-MA-10003589,16
TEC-MA-10003626,16
TEC-MA-10003673,16
TEC-MA-10003674,16
TEC-MA-10003979,16
TEC-MA-10004002,16
TEC-MA-10004086,16
TEC-MA-10004125,16
TEC-MA-10004212,16
TEC-MA-10004241,16
TEC-MA-10004255,16
TEC-MA-10004458,16
TEC-MA-10004521,16
TEC-MA-10004552,16
TEC-MA-10004626,16
TEC-MA-10004679,16
TEC-PH-10000004,8
TEC-PH-10000011,8
TEC-PH-10000038,8
TEC-PH-10000127,8
TEC-PH-10000141,8
TEC-PH-10000148,8
TEC-PH-10000149,8
TEC-PH-10000169,8
TEC-PH-10000193,8
TEC-PH-10000213,8
TEC-PH-10000215,8
TEC-PH-10000307,8
TEC-PH-10000347,8
TEC-PH-10000369,8
TEC-PH-10000376,8
TEC-PH-10000439,8
TEC-PH-10000441,8
TEC-PH-10000455,8
TEC-PH-10000486,8
TEC-PH-10000526,8
TEC-PH-10000560,8
TEC-PH-10000562,8
TEC-PH-10000576,8
TEC-PH-10000586,8
TEC-PH-10000673,8
TEC-PH-10000675,8
TEC-PH-10000702,8
TEC-PH-10000730,8
TEC-PH-10000895,8
TEC-PH-10000912,8
TEC-PH-10000923,8
TEC-PH-10000984,8
TEC-PH-10001051,8
TEC-PH-10001061,8
TEC-PH-10001079,8
TEC-PH-10001128,8
TEC-PH-10001198,8
TEC-PH-10001254,8
TEC-PH-10001299,8
TEC-PH-10001300,8
TEC-PH-10001305,8
TEC-PH-10001336,8
TEC-PH-10001363,8
TEC-PH-10001425,8
TEC-PH-10001433,8
TEC-PH-10001448,8
TEC-PH-10001459,8
TEC-PH-10001468,8
TEC-PH-10001494,8
TEC-PH-10001527,8
TEC-PH-10001530,8
TEC-PH-10001536,8
TEC-PH-10001552,8
TEC-PH-10001557,8
TEC-PH-10001578,8
TEC-PH-10001580,8
TEC-PH-10001615,8
TEC-PH-10001619,8
TEC-PH-10001644,8
TEC-PH-10001700,8
TEC-PH-10001750,8
TEC-PH-10001760,8
TEC-PH-10001795,8
TEC-PH-10001809,8
TEC-PH-10001817,8
TEC-PH-10001819,8
TEC-PH-10001835,8
TEC-PH-10001870,8
TEC-PH-10001918,8
TEC-PH-10001924,8
TEC-PH-10001944,8
TEC-PH-10001949,8
TEC-PH-10002033,8
TEC-PH-10002070,8
TEC-PH-10002075,8
TEC-PH-10002085,8
TEC-PH-10002103,8
TEC-PH-10002114,8
TEC-PH-10002115,8
TEC-PH-10002170,8
TEC-PH-10002185,8
TEC-PH-10002200,8
TEC-PH-10002262,8
TEC-PH-10002275,8
TEC-PH-10002293,8
TEC-PH-10002310,8
TEC-PH-10002350,8
TEC-PH-10002352,8
TEC-PH-10002365,8
TEC-PH-10002398,8
TEC-PH-10002415,8
TEC-PH-10002447,8
TEC-PH-10002468,8
TEC-PH-10002483,8
TEC-PH-10002496,8
TEC-PH-10002538,8
TEC-PH-10002549,8
TEC-PH-10002555,8
TEC-PH-10002563,8
TEC-PH-10002564,8
TEC-PH-10002583,8
TEC-PH-10002584,8
TEC-PH-10002597,8
TEC-PH-10002624,8
TEC-PH-10002645,8
TEC-PH-10002660,8
TEC-PH-10002680,8
TEC-PH-10002726,8
TEC-PH-10002789,8
TEC-PH-10002807,8
TEC-PH-10002817,8
TEC-PH-10002824,8
TEC-PH-10002834,8
TEC-PH-10002844,8
TEC-PH-10002885,8
TEC-PH-10002890,8
TEC-PH-10002922,8
TEC-PH-10002923,8
TEC-PH-10003012,8
TEC-PH-10003072,8
TEC-PH-10003092,8
TEC-PH-10003095,8
TEC-PH-10003171,8
TEC-PH-10003174,8
TEC-PH-10003187,8
TEC-PH-10003215,8
TEC-PH-10003273,8
TEC-PH-10003356,8
TEC-PH-10003357,8
TEC-PH-10003437,8
TEC-PH-10003442,8
TEC-PH-10003484,8
TEC-PH-10003505,8
TEC-PH-10003535,8
TEC-PH-10003555,8
TEC-PH-10003580,8
TEC-PH-10003589,8
TEC-PH-10003601,8
TEC-PH-10003645,8
TEC-PH-10003655,8
TEC-PH-10003691,8
TEC-PH-10003800,8
TEC-PH-10003811,8
TEC-PH-10003875,8
TEC-PH-10003885,8
TEC-PH-10003931,8
TEC-PH-10003963,8
TEC-PH-10003988,8
TEC-PH-10004006,8
TEC-PH-10004042,8
TEC-PH-10004071,8
TEC-PH-10004080,8
TEC-PH-10004093,8
TEC-PH-10004094,8
TEC-PH-10004100,8
TEC-PH-10004120,8
TEC-PH-10004165,8
TEC-PH-10004188,8
TEC-PH-10004241,8
TEC-PH-10004345,8
TEC-PH-10004348,8
TEC-PH-10004389,8
TEC-PH-10004434,8
TEC-PH-10004447,8
TEC-PH-10004522,8
TEC-PH-10004531,8
TEC-PH-10004536,8
TEC-PH-10004539,8
TEC-PH-10004586,8
TEC-PH-10004614,8
TEC-PH-10004667,8
TEC-PH-10004700,8
TEC-PH-10004774,8
TEC-PH-10004830,8
TEC-PH-10004833,8
TEC-PH-10004875,8
TEC-PH-10004896,8
TEC-PH-10004897,8
TEC-PH-10004908,8
TEC-PH-10004912,8
TEC-PH-10004922,8
TEC-PH-10004924,8
TEC-PH-10004959,8
TEC-PH-10004977,8
